{"needle": 72.95774647887325, "Avg": 72.95774647887325}