{"order": 66.40926640926641, "Avg": 66.40926640926641}