{"topic_reasoning": 81.06060606060606, "Avg": 81.06060606060606}