{"needle": 25.070422535211268, "Avg": 25.070422535211268}