{"ego": 57.67045454545454, "Avg": 57.67045454545454}