{"order": 66.79536679536679, "Avg": 66.79536679536679}