{"plotQA": 67.71799628942486, "Avg": 67.71799628942486}