{"needle": 72.11267605633803, "Avg": 72.11267605633803}