{"order": 64.47876447876449, "Avg": 64.47876447876449}