{"plotQA": 67.16141001855289, "Avg": 67.16141001855289}