{"needle": 74.64788732394366, "Avg": 74.64788732394366}