{"needle": 74.08450704225352, "Avg": 74.08450704225352}