{"needle": 72.3943661971831, "Avg": 72.3943661971831}