{"plotQA": 67.3469387755102, "Avg": 67.3469387755102}