{"topic_reasoning": 81.81818181818183, "Avg": 81.81818181818183}