{"needle": 73.52112676056338, "Avg": 73.52112676056338}