{"order": 64.86486486486487, "Avg": 64.86486486486487}