{"topic_reasoning": 81.43939393939394, "Avg": 81.43939393939394}