{"needle": 72.67605633802818, "Avg": 72.67605633802818}