{"needle": 74.36619718309859, "Avg": 74.36619718309859}