{"topic_reasoning": 82.1969696969697, "Avg": 82.1969696969697}